claim_id,claim,label,personality,url,year,tags,axis,party
8df76331,"In the U.S., “you’re not allowed to own a machine gun.”",mostly-false,Joe Biden,https://www.politifact.com/factchecks/2023/apr/03/joe-biden/biden-said-you-cant-own-a-machine-gun-you-can-in-m/,2023,Crime; Congress; Guns; National,social,Democrat
bffb8dc0,Sullivan County “has the highest opioid death rate in all of New York state” yet “it’s the only county in the Hudson Valley not included in the federal High-Intensity Drug Trafficking Area” program.,mostly-true,Charles Schumer,https://www.politifact.com/factchecks/2023/apr/04/charles-schumer/fact-checking-chuck-schumer-sullivan-county-drug-t/,2023,Crime; Drugs; Public Health,social,Democrat
3537397b,"“Title 42 and other Trump-era holdovers are forcing migrants into dangerous, overcrowded conditions in Mexico.”",mostly-true,Joaquin Castro,https://www.politifact.com/factchecks/2023/apr/05/joaquin-castro/us-policies-and-other-factors-lead-overcrowded-con/,2023,Immigration; Border Security,social,Democrat
142c5792,Manhattan District Attorney Alvin Bragg “has downgraded over 50% of the felonies to misdemeanors.”,true,Ron DeSantis,https://www.politifact.com/factchecks/2023/apr/08/ron-desantis/are-more-half-felony-charges-manhattan-downgraded/,2023,Criminal Justice,social,Republican
e43428f2,“The 5 states with the highest gun homicide rates in the nation all have loose gun laws” while “the 5 states with the lowest rates have some of the toughest laws.”,half-true,Chris Murphy,https://www.politifact.com/factchecks/2023/apr/11/chris-murphy/fact-checking-chris-murphy-on-how-much-firearm-law/,2023,Public Health; Guns; Legal Issues,social,Democrat
16466c53,"When migrants arrived on Martha’s Vineyard, “They called out the National Guard and deported them within 24 hours.”",false,Ron DeSantis,https://www.politifact.com/factchecks/2023/apr/11/ron-desantis/ron-desantis-falsely-said-migrants-deported-from-m/,2023,Immigration; National,social,Republican
dcf17ec6,“One in 5 Americans has lost a family member to gun violence.”,mostly-true,Kamala Harris,https://www.politifact.com/factchecks/2023/apr/18/kamala-harris/kamala-harris-said-1-in-5-americans-have-lost-a-fa/,2023,Guns; National,social,Democrat
4aafa8bf,Florida has “the second lowest tax burden per capita in the United States.”,mostly-true,Ron DeSantis,https://www.politifact.com/factchecks/2023/apr/19/ron-desantis/ron-desantis-is-right-florida-has-one-of-the-count/,2023,Economy; Taxes,economic,Republican
50dafe41,"""In the 1960s, liberals emptied our psych wards.""",half-true,Mike Pence,https://www.politifact.com/factchecks/2023/apr/20/mike-pence/mike-pence-said-liberals-emptied-mental-hospitals/,2023,Public Health; Guns; Health Care,social,Republican
19055f59,“Fentanyl is the leading cause of death for Americans 18-45.”,mostly-true,Greg Abbott,https://www.politifact.com/factchecks/2023/apr/24/greg-abbott/gov-greg-abbott-says-fentanyl-is-the-leading-cause/,2023,Drugs; Public Health,social,Republican
0a5f682d,“Many law enforcement agencies didn’t submit their (hate crime) data to the FBI.”,true,Kirsten Gillibrand,https://www.politifact.com/factchecks/2023/apr/25/kirsten-gillibrand/is-kristen-gillibrand-right-that-many-law-enforcem/,2023,Crime; Race and Ethnicity,social,Democrat
9656b090,“Individuals released from incarceration are 129 times more likely to die of a drug overdose during the first two weeks after release.”,half-true,Paul Tonko,https://www.politifact.com/factchecks/2023/apr/26/paul-tonko/fact-checking-paul-tonko-on-the-risks-of-post-inca/,2023,Criminal Justice; Drugs,social,Democrat
1ad01ec4,“Consumer confidence is the highest it’s been in years.”,mostly-false,Chris  Coons,https://www.politifact.com/factchecks/2023/aug/03/chris-coons/how-strong-is-consumer-confidence-under-joe-biden/,2023,Economy; Polls and Public Opinion,economic,Democrat
ebdc3bfb,"""Wages are up after being adjusted for inflation.""",half-true,Joe Biden,https://www.politifact.com/factchecks/2023/aug/03/joe-biden/joe-biden-said-inflation-adjusted-wages-are-up-tha/,2023,Economy; Workers,economic,Democrat
db1b7d70,"""Some states have “tried to ban teaching Latino and Hispanic history.”",mostly-false,Kamala Harris,https://www.politifact.com/factchecks/2023/aug/07/kamala-harris/kamala-harris-claim-about-states-banning-teaching/,2023,Education; National,social,Democrat
d4989f7d,"“During Biden’s first 30 months in office, just 2.1 million new jobs were created, and by contrast, during my first 30 months in office we created 4.9 million new jobs.”",false,Donald Trump,https://www.politifact.com/factchecks/2023/aug/08/donald-trump/donald-trump-vastly-underestimates-job-gains-under/,2023,Economy; Jobs,economic,Republican
4eb7355e,The Trump administration “built nearly 500 miles of border wall.”,half-true,Donald Trump,https://www.politifact.com/factchecks/2023/aug/09/donald-trump/how-many-miles-of-border-wall-did-donald-trump-bui/,2023,Immigration; National; Border Security,social,Republican
0cd5e0a6,"""Illinois is now letting illegal aliens become police officers.""",mostly-false,Ron DeSantis,https://www.politifact.com/factchecks/2023/aug/11/ron-desantis/illinois-law-expanding-police-eligibility-to-some/,2023,Immigration; Illinois,social,Republican
b7c388dd,“We’ve eliminated critical race theory in our K through 12 schools.”,mostly-false,Ron DeSantis,https://www.politifact.com/factchecks/2023/aug/14/ron-desantis/desantis-says-he-removed-critical-race-theory-from/,2023,Education; Children; National,social,Republican
113e048d,"“In three short years, we achieved energy independence.”",half-true,Mike Pence,https://www.politifact.com/factchecks/2023/aug/16/mike-pence/mike-pence-oversells-us-energy-independence-under/,2023,Energy,economic,Republican
96801023,“A higher percentage of American workers are working today than ever before.”,mostly-false,Joe Biden,https://www.politifact.com/factchecks/2023/aug/21/joe-biden/fact-checking-joe-biden-on-the-murky-topic-of-empl/,2023,Economy; Jobs,economic,Democrat
d8085750,"""When (Ron DeSantis) was in Congress, he supported amnesty.""",mostly-false,Gavin Newsom,https://www.politifact.com/factchecks/2023/dec/05/gavin-newsom/gavin-newsoms-mostly-false-claim-about-ron-desanti/,2023,Immigration,social,Democrat
d8e777f9,"“I have been a state legislator for 11 years, passing over 170 bills into law and delivering for Wisconsin families.”",mostly-true,Katrina Shankland,https://www.politifact.com/factchecks/2023/dec/08/katrina-shankland/has-a-wisconsin-democratic-candidate-for-congress/,2023,Wisconsin; States; Families,social,Democrat
676380d1,North Carolina Attorney General and gubernatorial candidate Josh Stein “supports taxpayer-funded abortion on demand with no restrictions up until birth.”,false,Mark Robinson,https://www.politifact.com/factchecks/2023/dec/11/mark-robinson/ncs-mark-robinson-falsely-claims-democratic-oppone/,2023,Abortion,social,Republican
0a305f23,"“Your minor child can go to California without your knowledge or without your consent, and get hormone therapy, puberty blockers and a sex change operation.”",mostly-false,Ron DeSantis,https://www.politifact.com/factchecks/2023/dec/11/ron-desantis/desantiss-claim-that-trans-kids-can-flee-to-ca-and/,2023,Elections; Children; LGBTQ; Legal Issues,social,Republican
9fffceb4,"“We’ve created close to 800,000 manufacturing jobs since I’ve taken office.”",mostly-true,Joe Biden,https://www.politifact.com/factchecks/2023/dec/13/joe-biden/fact-checking-joe-biden-on-manufacturing-jobs/,2023,Economy; Jobs,economic,Democrat
6ac51265,Florida “had a year-over-year reduction” in overdose deaths.,mostly-true,Ron DeSantis,https://www.politifact.com/factchecks/2023/dec/14/ron-desantis/desantis-said-florida-overdose-deaths-declined-yea/,2023,Drugs; Elections; National,social,Republican
3c0c8e61,China is allowed to do crypto mining in the U.S.,mostly-true,Asa Hutchinson,https://www.politifact.com/factchecks/2023/dec/15/asa-hutchinson/asa-hutchinsons-mostly-true-claim-that-china-is-al/,2023,Technology; China; Government Regulation; Homeland Security; Elections,economic,Republican
a37fb767,"“Gasoline prices are now $5, $6, $7 and even $8 a gallon.”",mostly-false,Donald Trump,https://www.politifact.com/factchecks/2023/dec/15/donald-trump/are-gasoline-prices-under-joe-biden-ranging/,2023,Elections; Gas Prices; Energy,economic,Republican
4486c29e,"Discussing gender-affirming surgical care for minors, said that Sweden “shut it down.”",half-true,Ron DeSantis,https://www.politifact.com/factchecks/2023/dec/18/ron-desantis/why-ron-desantis-claim-that-sweden-shut-down-gende/,2023,Elections; LGBTQ,social,Republican
a1328eb3,"Under the Trump administration's trade deal, “China's only fulfilled one-third of the promises of agricultural products that they were supposed to buy from our farmers.”",half-true,Chris Christie,https://www.politifact.com/factchecks/2023/dec/19/chris-christie/christies-claim-on-trumps-china-trade-deal-is-on-t/,2023,Elections; China; Agriculture; Trade,economic,Republican
3de43fb7,"“We’ve had more Americans die of fentanyl than the Iraq, Afghanistan, and Vietnam wars, combined.”",true,Nikki Haley,https://www.politifact.com/factchecks/2023/dec/19/nikki-haley/haley-is-correct-that-fentanyl-deaths-top-casualti/,2023,Military; Drugs; Elections,social,Republican
45c76f3c,"""Under Biden, we have seen over 4.6 million encounters at our southern border. Most have been released into the interior and will stay here indefinitely.""",half-true,Chip Roy,https://www.politifact.com/factchecks/2023/feb/03/chip-roy/chip-roy-cites-correct-border-encounters-data-wron/,2023,Immigration; Border Security,social,Republican
d86a7700,"""In 2010, (Wisconsin Republicans) inherited a multi-Billion dollar deficit … Today we are looking at a projected surplus approaching 7 Billion.""",mostly-true,Devin LeMahieu,https://www.politifact.com/factchecks/2023/feb/03/devin-lemahieu/wisconsin-republicans-take-credit-reigning-deficit/,2023,Deficit; Wisconsin; Economy; State Budget,economic,Republican
3a61a4c0,"""(Ron) DeSantis' bill would remove: background checks, instruction, training and oversight.""",half-true,Gavin Newsom,https://www.politifact.com/factchecks/2023/feb/06/gavin-newsom/gavin-newsom-overstates-effect-floridas-permitless/,2023,Guns,social,Democrat
c7bff573,“We created more new jobs in two years than any president did in their entire term.”,half-true,Joe Biden,https://www.politifact.com/factchecks/2023/feb/07/joe-biden/joe-bidens-boast-about-job-creation-needs-some-ast/,2023,Economy; Jobs,economic,Democrat
e15d47d1,"""During my time in office, we've increased per pupil aid by more than $300 per student. Now, our schools have returned to the top 10 in the country after falling to 17 under the previous administration.”",half-true,Tony Evers,https://www.politifact.com/factchecks/2023/feb/07/tony-evers/evers-links-more-per-pupil-aid-with-states-improve/,2023,Education; Wisconsin; Children; State Budget,social,Democrat
73bac722,"“In the past two years, democracies have become stronger, not weaker. Autocracies have grown weaker, not stronger.”",false,Joe Biden,https://www.politifact.com/factchecks/2023/feb/09/joe-biden/have-global-democracies-gotten-stronger-biden-clai/,2023,Foreign Policy; Human Rights; National,social,Democrat
8dbff24b,"“We used to rank No. 1 in the world in research and development, now we rank No. 9. China used to rank No. 8, now it ranks No. 2.”",mostly-false,Joe Biden,https://www.politifact.com/factchecks/2023/feb/13/joe-biden/biden-says-us-losing-ground-china-rd-spending-his/,2023,Economy; Infrastructure,economic,Democrat
b7231697,"""Studies show that children who go to preschool are nearly 50% more likely to finish high school and go on to earn a two- or four-year degree, no matter their background they came from.""",mostly-true,Joe Biden,https://www.politifact.com/factchecks/2023/feb/13/joe-biden/joe-biden-right-preschool-benefits-college-attenda/,2023,Education; Children; Poverty,social,Democrat
48cf692c,"“Right now, driving 100 miles in an electric vehicle is more expensive than driving an internal combustion engine car.”",half-true,Erick Erickson,https://www.politifact.com/factchecks/2023/feb/14/erick-erickson/for-certain-car-models-its-more-expensive-to-drive/,2023,Transportation; Climate Change; Gas Prices; Energy,economic,Republican
f6eac2a1,Gov. Abbott “signed a bill last year eliminating the requirements for Texas schools to teach MLK’s ‘I have a dream’ speech.”,half-true,Sawyer Hackett,https://www.politifact.com/factchecks/2023/feb/14/sawyer-hackett/texas-schools-can-still-teach-works-martin-luther/,2023,Education; Race and Ethnicity; History,social,Democrat
f9c8b327,"""Energy costs are the highest in 15 years.""",mostly-true,Morgan Luttrell,https://www.politifact.com/factchecks/2023/feb/16/morgan-luttrell/estimated-winter-heating-costs-highest-level-over/,2023,Energy,economic,Republican
d038325f,“One man was actually killed” during 2020 protests of police brutality in Raleigh,false,Tim Moore,https://www.politifact.com/factchecks/2023/feb/21/tim-moore/north-carolina-house-speaker-says-someone-died-ral/,2023,Criminal Justice,social,Republican
78aa7cd0,Brown v. Board of Education “was never about sending Black children to white schools. It was about parents being able to decide where to send their children to school.”,false,Winsome Earle-Sears,https://www.politifact.com/factchecks/2023/feb/22/winsome-sears/earle-sears-says-brown-v-board-decision-was-not-ab/,2023,Education; Virginia; Civil Rights; Supreme Court,social,Republican
91886da2,“Kevin Adams wants to ban abortion.”,mostly-false,Aaron Rouse,https://www.politifact.com/factchecks/2023/jan/05/aaron-rouse/virginia-state-senate-candidate-makes-misleading-c/,2023,Virginia; Abortion,social,Democrat
f0b4abe9,"As president, Donald Trump “marshaled the full power of government to stop deadly drugs, opioids, and fentanyl from coming into our country. As a result, drug overdose deaths declined nationwide for the first time in nearly 30 years.""",mostly-false,Donald Trump,https://www.politifact.com/factchecks/2023/jan/09/donald-trump/fact-checking-donald-trump-drug-overdose-rates-his/,2023,Drugs,social,Republican
8ec0fa0f,A “default on our debt” would be unprecedented in American history.,mostly-true,Hakeem Jeffries,https://www.politifact.com/factchecks/2023/jan/11/hakeem-jeffries/hakeem-jeffries-said-a-debt-limit-default-would-be/,2023,Economy; Congress; Debt,economic,Democrat
4c5328be,“Take-home pay for workers is going up.”,half-true,Joe Biden,https://www.politifact.com/factchecks/2023/jan/13/joe-biden/wage-gains-are-now-exceeding-inflation-but-theyre/,2023,Economy; Workers; Jobs,economic,Democrat
513ea9dc,“Every pro-life Governor up for election in November won – by a large margin.”,mostly-true,Scott Walker,https://www.politifact.com/factchecks/2023/jan/13/scott-walker/yes-governors-who-oppose-abortion-did-well-in-midt/,2023,Elections; Wisconsin; Health Care; States; Abortion,social,Republican
2abf454c,"""Biden drained America's Strategic Petroleum Reserves to the lowest level since 1984.""",true,Morgan Luttrell,https://www.politifact.com/factchecks/2023/jan/19/morgan-luttrell/us-emergency-oil-reserve-lowest-level-1983/,2023,Energy,economic,Republican
5f5c4f5d,Virginia tax receipts “in just the last four years alone have grown 50%.”,mostly-true,Glenn Youngkin,https://www.politifact.com/factchecks/2023/jan/25/glenn-youngkin/youngkin-near-mark-tax-growth-claim/,2023,Economy; Taxes; State Budget; Virginia,economic,Republican
a871f66e,"“Two years ago this week, 18 million people were out of work needing unemployment benefits. Today, that number is under 1.6 million, the lowest in decades.”",half-true,Joe Biden,https://www.politifact.com/factchecks/2023/jan/27/joe-biden/joe-biden-touts-big-joblessness-drop-but/,2023,Economy; Jobs,economic,Democrat
49989be8,“Joe Biden’s war on American energy caused this crisis and his only response has been to drain our strategic petroleum reserve to its lowest level since 1983.”,mostly-false,Richard Hudson,https://www.politifact.com/factchecks/2023/jan/30/richard-hudson/hudson-inflates-bidens-role-oil-prices/,2023,Gas Prices,economic,Republican
547da3b8,"“The fact is, today abortion law in the United States is more aligned with China and North Korea than with Western nations in Europe.”",mostly-false,Mike Pence,https://www.politifact.com/factchecks/2023/jul/05/mike-pence/are-us-abortion-laws-really-more-like-china-and-no/,2023,Public Health; Women; National; Abortion,social,Republican
3d6eda22,Federal “agencies and government have grown 50% since 2019.”,half-true,Ron DeSantis,https://www.politifact.com/factchecks/2023/jul/13/ron-desantis/ron-desantis-statement-federal-government-growth/,2023,Medicaid; Social Security; Federal Budget; Medicare,social,Republican
61c2416f,Florida “decided middle school students will be taught that enslaved people benefited from slavery.”,mostly-true,Kamala Harris,https://www.politifact.com/factchecks/2023/jul/24/kamala-harris/do-Florida-school-standards-say-enslaved-people/,2023,Education; Race and Ethnicity; Corrections and Updates; History,social,Democrat
fd5151c9,“You can work at some McDonald’s in this country for more money than … signing up for the military.”,half-true,Nicole Malliotakis,https://www.politifact.com/factchecks/2023/jul/28/nicole-malliotakis/fast-food-jobs-vs-the-military-pay-comparison-miss/,2023,Military; Jobs,economic,Republican
9c355415,"Donald Trump ""wanted to amnesty 2 million illegal aliens in 2018 when he was president.""",mostly-true,Ron DeSantis,https://www.politifact.com/factchecks/2023/jun/05/ron-desantis/ron-desantis-claim-that-trump-wanted-to-grant-amne/,2023,Immigration; Border Security,social,Republican
eb99c8e9,"Having ""biological boys … in their locker rooms” is a reason why “a third of our teenage girls seriously contemplated suicide last year.""",false,Nikki Haley,https://www.politifact.com/factchecks/2023/jun/06/nikki-haley/nikki-haley-falsely-links-transgender-athletes-wit/,2023,Education; LGBTQ; Women; Sports,social,Republican
b98d50da,"“A place like California, they give (immigrants in the country illegally) benefits. They give unemployment checks.”",half-true,Ron DeSantis,https://www.politifact.com/factchecks/2023/jun/09/ron-desantis/gov-ron-desantis-claim-about-benefits-for-immigran/,2023,Immigration,social,Republican
ae07de74,Donald Trump “never changed one immigration law.”,mostly-true,Chris Christie,https://www.politifact.com/factchecks/2023/jun/12/chris-christie/trump-did-not-sign-any-major-immigration-laws-but/,2023,Immigration; Congress; National,social,Republican
b9e6e4d3,"In the U.S., “a person can be married in the morning and thrown out of a restaurant for being gay in the afternoon.”",mostly-true,Joe Biden,https://www.politifact.com/factchecks/2023/jun/16/joe-biden/in-22-states-gay-couples-can-be-legally-booted-fro/,2023,LGBTQ; Legal Issues; Supreme Court,social,Democrat
e5e59cbc,"“Median income in this country is … $35,000 a year. Because of Joe Biden's inflation, the average monthly expenses have increased by $500, almost.”",half-true,Tim Scott,https://www.politifact.com/factchecks/2023/jun/26/tim-scott/tim-scotts-misleading-statements-on-median-income/,2023,Economy; Income,economic,Republican
b4476b38,“Young Americans across this country are no longer proud to be American.”,half-true,Vivek Ramaswamy,https://www.politifact.com/factchecks/2023/jun/28/vivek-ramaswamy/vivek-ramaswamy-is-partially-right-about-patriotis/,2023,Patriotism,social,Republican
bd1f3195,"Says that under his presidency, the unemployment rate has “been below 4% for the longest stretch in 50 years in American history.”",mostly-true,Joe Biden,https://www.politifact.com/factchecks/2023/jun/29/joe-biden/fact-checking-joe-biden-on-his-unemployment-rate-a/,2023,Economy; Jobs,economic,Democrat
75f6790f,“We banned transgender” people from serving in the military.,mostly-true,Donald Trump,https://www.politifact.com/factchecks/2023/mar/08/donald-trump/donald-trump-issued-trans-military-ban-his-adminis/,2023,Military; LGBTQ,social,Republican
eaf831c5,"Energy Secretary Jennifer Granholm met ""with the radical green energy group behind the gas stove ban,"" which ""has ties to the"" Chinese Communist Party.",mostly-false,Nicholas Langworthy,https://www.politifact.com/factchecks/2023/mar/09/nicholas-langworthy/claim-about-energy-department-gas-stoves-china-exa/,2023,Environment; China; Energy,economic,Republican
f403d39a,"Democrats ""want to ban gas powered cars and gas stoves.”",half-true,Nikki Haley,https://www.politifact.com/factchecks/2023/mar/13/nikki-haley/nikki-haley-overreaches-attack-democrats-over-gaso/,2023,Environment; National; Energy,economic,Republican
1d954957,"""Wisconsin has seen over 63 billion dollars of federal pandemic-related funding funnel into our state over (Gov. Tony Evers') tenure.""",mostly-true,Joan Ballweg,https://www.politifact.com/factchecks/2023/mar/14/joan-ballweg/has-wisconsin-really-seen-63-billion-covid-relief/,2023,Economy; Wisconsin; State Budget; Coronavirus,economic,Republican
ae2e346a,“More cops are killed responding to domestic violence calls than anything else.”,false,Joe Biden,https://www.politifact.com/factchecks/2023/mar/15/joe-biden/joe-biden-says-domestic-violence-calls-prompt-most/,2023,Crime; Federal Budget; National,social,Democrat
7ca2bab4,"Under a GOP bill on cash bail, ""a large quantity of people who are accused of crimes, including anyone who even witnesses certain crimes, could now be detained and subject to bail.""",half-true,Darrin Madison,https://www.politifact.com/factchecks/2023/mar/17/darrin-madison/madison-is-half-right-on-claim-about-gops-cash-bai/,2023,Criminal Justice; Crime; Wisconsin; Legal Issues,social,Democrat
3c901c88,"""Half the kids in this country, when they graduate, can’t read their diploma.”",mostly-false,Tommy Tuberville,https://www.politifact.com/factchecks/2023/mar/20/tommy-tuberville/can-half-us-high-school-graduates-not-read-their-d/,2023,Education,social,Republican
603496e1,“A proposal in Syracuse would pay gang members $100-$200 per week to stay out of trouble.”,mostly-true,William Barclay,https://www.politifact.com/factchecks/2023/mar/29/william-barclay/syracuse-proposal-would-pay-gang-members-stay-away/,2023,Crime,social,Republican
010d7ff8,"When discussing education savings accounts, ""We would be 31st in the nation to have these policies going forward on behalf of kids.”",half-true,Brandon Creighton,https://www.politifact.com/factchecks/2023/mar/30/brandon-creighton/texas-lawmaker-says-30-states-have-education-savin/,2023,Education,social,Republican
59117ad5,"Gov. Ron DeSantis signed “a last-minute exception into an anti-discrimination law for anyone who also operates a theme park more than 25 acres in Florida,” benefiting Walt Disney Co.",mostly-true,Vivek Ramaswamy,https://www.politifact.com/factchecks/2023/may/04/vivek-ramaswamy/vivek-ramaswamy-is-largely-correct-about-ron-desan/,2023,Corporations; Recreation; Technology; Corrections and Updates; Legal Issues,economic,Republican
457ef26a,Says Social Security is a “legal Ponzi scheme.”,mostly-false,Ron Johnson,https://www.politifact.com/factchecks/2023/may/05/ron-johnson/sen-ron-johnson-again-says-social-security-is-a-po/,2023,National; Wisconsin; Taxes; Social Security; Legal Issues,social,Republican
0ac34e4c,"“Many of these teachers are soldiers, ex-soldiers, ex-policeman.”",mostly-false,Donald Trump,https://www.politifact.com/factchecks/2023/may/11/donald-trump/trump-said-many-teachers-are-ex-soldiers-data-show/,2023,Education; Guns; National; Veterans,social,Republican
f03875f1,“Donald Trump himself wrote a book where he was talking about the need to increase the age of eligibility for Social Security to 70.”,mostly-true,Ron DeSantis,https://www.politifact.com/factchecks/2023/may/12/ron-desantis/trump-suggested-raising-social-security-retirement/,2023,Social Security; National,social,Republican
c06b690e,Four North Carolina Republicans made “campaign promises” to protect reproductive rights,half-true,Roy Cooper,https://www.politifact.com/factchecks/2023/may/12/roy-cooper/cooper-says-4-nc-republicans-vowed-to-protect-abor/,2023,Abortion,social,Democrat
1d96df77,"""The Republican plan would cut federal law enforcement officers — 30,000 — including 11,000 FBI agents, 2,000 border agents, DEA agents, and so on.""",mostly-false,Joe Biden,https://www.politifact.com/factchecks/2023/may/18/joe-biden/biden-casts-gop-budget-as-specific-on-law-enforcem/,2023,Immigration; Federal Budget; Public Safety; National,social,Democrat
93e878e1,The New York state budget covers 96% of eligible preschoolers,mostly-true,Kathy Hochul,https://www.politifact.com/factchecks/2023/may/18/kathy-hochul/nys-funding-for-pre-k-is-climbing-but-districts-fa/,2023,Education; State Budget,social,Democrat
8f9192b3,"“For African American families in particular, the homeownership rate remains relatively unchanged since 1968, the year the Fair Housing Act was signed into law.”",true,Tim Scott,https://www.politifact.com/factchecks/2023/may/19/tim-scott/sen-tim-scott-said-black-homeownership-has-been-st/,2023,Housing; Race and Ethnicity; National,social,Republican
f7c3e010,"“Just last year,” Miami-Dade Public Schools “had over 14,000 new children, 10,000 of which came from four countries of Cuba, Nicaragua, Venezuela and Haiti.”",true,Francis Suarez,https://www.politifact.com/factchecks/2023/may/23/francis-suarez/miami-mayor-is-right-miami-dade-public-schools-hav/,2023,Education; Immigration,social,Republican
b59d4cb2,"Infertility is treated differently than other issues and ""often excluded from insurance coverage""",true,Kelda Helen Roys,https://www.politifact.com/factchecks/2023/may/26/kelda-helen-roys/its-true-infertility-treatment-is-often-excluded-f/,2023,Children; National; Wisconsin; Families; Health Care,social,Democrat
687ef098,"China is “the largest developer of neuro-strike weapons, weapons engineered to change the brain activity of military commanders and segments of the population.”",mostly-true,Nikki Haley,https://www.politifact.com/factchecks/2023/nov/01/nikki-haley/what-is-nikki-haley-talking-about-when-she-cites-c/,2023,Technology; China; Science,economic,Republican
b88a41b3,"Gasoline prices are ""up 63%"" under President Joe Biden.",half-true,Chris Rose,https://www.politifact.com/factchecks/2023/nov/02/chris-rose/have-gasoline-prices-risen-by-63-during-joe-bidens/,2023,West Virginia; Gas Prices,economic,Republican
a0f0f492,“Gen Z is divided 50-50 on whether they support Hamas or Israel.”,mostly-false,Vivek Ramaswamy,https://www.politifact.com/factchecks/2023/nov/02/vivek-ramaswamy/do-half-of-gen-z-americans-support-hamas/,2023,Israel; Terrorism; Foreign Policy,social,Republican
fa2ba3d1,Republicans in Congress are “trying to wipe out federal funding to end the HIV epidemic.”,half-true,Joe Biden,https://www.politifact.com/factchecks/2023/nov/03/joe-biden/do-republican-spending-cuts-threaten-federal-hiv-f/,2023,Public Health; Congress; Abortion,social,Democrat
0cd0ab49,“Because of our economic policies we now are reducing inflation.”,mostly-false,Kamala Harris,https://www.politifact.com/factchecks/2023/nov/03/kamala-harris/do-bidens-policies-get-the-credit-for-the-decline/,2023,Economy,economic,Democrat
6efb4bc4,Some individuals or businesses in Wisconsin are charging $2 or $2.25 an hour for child care.,mostly-true,"Rachael Cabral-Guevara,",https://www.politifact.com/factchecks/2023/nov/07/rachael-cabral-guevara/cabral-guevara-says-some-wisconsin-child-care-prov/,2023,Economy; Wisconsin; Children; Small Business,economic,Republican
27b40858,“We produce a lot more wind energy in Texas than California does.”,true,Ted Cruz,https://www.politifact.com/factchecks/2023/nov/14/ted-cruz/does-texas-really-outproduce-california-in-wind-en/,2023,Climate Change; Energy,economic,Republican
f3a85d07,"New Hampshire has “a worse drug problem per capita than any other state.""",false,Donald Trump,https://www.politifact.com/factchecks/2023/nov/15/donald-trump/west-virginia-not-new-hampshire-has-the-highest-dr/,2023,Drugs; West Virginia; National,social,Republican
38603ac6,"U.S. House Speaker Mike Johnson ""opposes Social Security benefits.""",mostly-false,Francesca Hong,https://www.politifact.com/factchecks/2023/nov/17/francesca-hong/wis-lawmaker-says-us-house-speaker-opposes-social/,2023,Social Security; Wisconsin; Federal Budget,social,Democrat
31315ca7,"""Half of American high school students are not familiar with the Holocaust.""",mostly-false,Dean Phillips,https://www.politifact.com/factchecks/2023/nov/20/dean-phillips/are-half-of-us-high-school-students-unfamiliar-wit/,2023,Education; Race and Ethnicity,social,Democrat
c40acdb9,"In Florida, “any woman who has an abortion after six weeks — and any doctor who gives her care — will be guilty of a felony.”",half-true,Gavin Newsom,https://www.politifact.com/factchecks/2023/nov/29/gavin-newsom/do-florida-women-doctors-face-felony-charges-for-a/,2023,Crime; Abortion,social,Democrat
e0ca66ac,Republicans’ “plan would cut Social Security benefits. … Average benefit cut would be 13%.”,mostly-false,Joe Biden,https://www.politifact.com/factchecks/2023/nov/29/joe-biden/is-joe-biden-right-that-republicans-would-cut-soci/,2023,Social Security; Federal Budget,social,Democrat
1964d7f4,Six million or 7 million people have “come illegally under Biden.”,mostly-false,Ron DeSantis,https://www.politifact.com/factchecks/2023/oct/04/ron-desantis/ron-desantis-exaggerates-number-of-migrants-in-us/,2023,Immigration; National,social,Republican
079c751e,“#Bidenomics has led to mortgage rates hitting a 21-year high → over 7%.”,mostly-true,Shelley Moore Capito,https://www.politifact.com/factchecks/2023/oct/05/shelley-moore-capito/fact-checking-shelley-moore-capito-on-high-mortgag/,2023,Economy; Housing; West Virginia,economic,Republican
88d6903d,“Gas prices have skyrocketed since Joe Biden took office and continue to do so everyday.”,half-true,Carol Miller,https://www.politifact.com/factchecks/2023/oct/06/carol-miller/fact-checking-rep-carol-miller-on-gasoline-prices/,2023,West Virginia; Gas Prices; Energy,economic,Republican
46a0fd75,"“Under the Obama-Biden administration, we invested hundreds of millions of dollars in the state of Florida replacing wooden power poles with steel poles and we buried these electric lines.""",false,Joe Biden,https://www.politifact.com/factchecks/2023/oct/06/joe-biden/biden-said-obama-spent-hundreds-of-millions-to-bur/,2023,Weather; National; Energy,economic,Democrat
48d0b130,"China sends “fentanyl into America killing 80,000 Americans a year.”",half-true,Mike Gallagher,https://www.politifact.com/factchecks/2023/oct/06/mike-gallagher/gallagher-misrepresents-chinas-role-in-us-fentanyl/,2023,Drugs; National; Wisconsin; Border Security; Crime,social,Republican
c23ddbda,"Thanks to negotiating drug prices ""our seniors, instead of paying $500 a month for drugs, are paying no more than 35 cents.""",false,Gwen Moore,https://www.politifact.com/factchecks/2023/oct/09/gwen-moore/moores-claim-seniors-are-paying-no-more-than-35-ce/,2023,Social Security; Wisconsin; Medicare; Health Care,social,Democrat
16d85268,"There are ""about a half a dozen"" transgender athletes competing in Wisconsin K-12 schools.",mostly-false,Barbara Dittrich,https://www.politifact.com/factchecks/2023/oct/18/barbara-dittrich/lawmaker-estimated-there-were-six-transgender-athl/,2023,Wisconsin; LGBTQ; Sports,social,Republican
301f578f,"""Credit card debt is above $1 trillion for the FIRST TIME EVER.""",mostly-true,Jim Justice,https://www.politifact.com/factchecks/2023/oct/19/jim-justice/does-national-credit-card-debt-exceed-1-trillion-f/,2023,Economy; West Virginia,economic,Republican
54f779ac,"“In the last 11 months, Customs and Border Patrol has averaged 200,000 apprehensions a month, and you know how many beds we have to detain people at the border? Thirty-eight thousand.""",mostly-true,Chris Christie,https://www.politifact.com/factchecks/2023/oct/20/chris-christie/chris-christies-math-on-apprehensions-and-detentio/,2023,Immigration; Border Security,social,Republican
8e25cc48,"Jim Justice ""opposes the Right to Work”",mostly-false,Alex Mooney,https://www.politifact.com/factchecks/2023/oct/24/alex-mooney/does-gov-jim-justice-oppose-the-right-to-work-poli/,2023,Labor; West Virginia,economic,Republican
a5bc1afc,“Prices have increased over 17% in the last two years.”,half-true,Mike Johnson,https://www.politifact.com/factchecks/2023/oct/26/mike-johnson/have-prices-increased-by-over-17-in-two-years/,2023,Economy,economic,Republican
46713c2f,"U.S. inflation is ""now down close to 3%, the lowest among the world’s leading economies.""",mostly-true,Joe Biden,https://www.politifact.com/factchecks/2023/sep/01/joe-biden/does-the-us-have-less-inflation-than-other-leading/,2023,Economy,economic,Democrat
8b13fbf4,Sen. Rick Scott “wants to … end Social Security and Medicare coverage.”,mostly-false,Debbie Mucarsel-Powell,https://www.politifact.com/factchecks/2023/sep/05/debbie-mucarsel-powell/does-rick-scott-want-to-end-social-security-fl-dem/,2023,Social Security; National; Medicare,social,Democrat
1f342e11,"Under Gov. Ron DeSantis, “in the last five years, spending has gone up 30%"" in Florida.",half-true,Chris Christie,https://www.politifact.com/factchecks/2023/sep/08/chris-christie/chris-christie-knocks-ron-desantis-for-floridas-ri/,2023,Economy; State Budget,economic,Republican
8e1fc3eb,"A Democrat-sponsored bill proposes a “1,000% gun tax on most firearms.”",half-true,Thom Tillis,https://www.politifact.com/factchecks/2023/sep/08/thom-tillis/tillis-email-omits-key-details-of-democrats-propos/,2023,Guns,social,Republican
a911fc8f,"Since Joe Biden “has taken office, unemployment in our (Latino) community has been cut in half.""",mostly-true,Joe Biden,https://www.politifact.com/factchecks/2023/sep/22/joe-biden/joe-biden-claims-that-hispanic-unemployment-has-be/,2023,Economy; Corrections and Updates; Jobs,economic,Democrat
1fc4ea6b,"""Texas teacher fired for reading Diary of Anne Frank to class.”",half-true,Randi Weingarten,https://www.politifact.com/factchecks/2023/sep/22/randi-weingarten/texas-teacher-fired-for-assigning-illustrated-adap/,2023,Education; LGBTQ; National,social,Democrat
cb05088e,"“Under Jim Justice,” West Virginia had “the lowest unemployment rate in state history.”",mostly-true,Jim Justice,https://www.politifact.com/factchecks/2023/sep/26/jim-justice/did-west-virginia-unemployment-rate-hit-record-low/,2023,Economy; Jobs; West Virginia,economic,Republican
c1e52f15,“We are more energy independent today” under President Joe Biden.,half-true,Gavin Newsom,https://www.politifact.com/factchecks/2023/sep/28/gavin-newsom/fact-checking-what-gavin-newsom-told-sean-hannity/,2023,Foreign Policy; Gas Prices; Energy,economic,Democrat
4ab2feaa,“Ron DeSantis is against fracking. He is against drilling.”,half-true,Nikki Haley,https://www.politifact.com/factchecks/2023/sep/28/nikki-haley/fact-checking-nikki-haleys-debate-attack-on-ron-de/,2023,Environment; National; Energy,economic,Republican
a44a4cbb,"“Since Joe Biden took office, crime has skyrocketed across our country.”",mostly-false,Nancy Mace,https://www.politifact.com/factchecks/2024/apr/03/nancy-mace/has-crime-skyrocketed-under-joe-biden-not-exactly/,2024,Criminal Justice; Crime,social,Republican
9a799ea8,"“Support for Roe is higher today in America than it has ever been.""",mostly-true,Joe Biden,https://www.politifact.com/factchecks/2024/apr/10/joe-biden/joe-biden-largely-right-about-high-level-of-us-sup/,2024,National; Abortion,social,Democrat
4d3471ef,"“The United States is an outlier, one of only about half a dozen countries, without any guarantee of paid leave for new parents and/or other health care needs.”",true,Lisa Subeck,https://www.politifact.com/factchecks/2024/apr/16/lisa-subeck/its-true-the-us-is-an-outlier-on-paid-parental-lea/,2024,Workers; Children; Wisconsin; Families; Legal Issues,social,Democrat
a802496c,“As many as 75% of school shootings resulted from a gun that was not secured.”,mostly-false,Kamala Harris,https://www.politifact.com/factchecks/2024/apr/22/kamala-harris/are-75-of-guns-used-in-school-shootings-found-unse/,2024,Crime; Children; Guns; National,social,Democrat
1ba439b6,"“The GOP has failed to invest in our campuses, making WI fall to 42nd in the nation in state support.”",mostly-true,Greta Neubauer,https://www.politifact.com/factchecks/2024/apr/24/greta-neubauer/are-democrats-right-that-republicans-are-to-blame/,2024,Education; Wisconsin; State Budget,social,Democrat
7dd9d04e,Says he “got arrested” while protesting in favor of desegregation.,false,Joe Biden,https://www.politifact.com/factchecks/2024/apr/29/joe-biden/joe-biden-repeats-false-tale-that-he-got-arrested/,2024,Civil Rights; Candidate Biography; National,social,Democrat
4713414e,Kamala Harris “supports mandatory gun confiscation.”,mostly-false,Donald Trump,https://www.politifact.com/factchecks/2024/aug/07/donald-trump/kamala-harris-once-backed-mandatory-assault-weapon/,2024,Elections; Guns; National,social,Republican
7d562e34,“Violent crime was up under Donald Trump.”,half-true,Tim Walz,https://www.politifact.com/factchecks/2024/aug/07/tim-walz/was-tim-walz-right-that-violent-crime-was-up-under/,2024,Crime,social,Democrat
6668e511,"""Tim Walz firmó una ley para dar licencia de conducir a inmigrantes ilegales en Minnesota"".",true,Byron Donalds,https://www.politifact.com/factchecks/2024/aug/09/byron-donalds/tim-walz-firmo-ley-que-permite-a-inmigrantes-ilega/,2024,Immigration; Elections; PolitiFact en Español,social,Republican
8d3ff6ac,"""Tim Walz signed into law driver's licenses for illegal immigrants in Minnesota.""",true,Byron Donalds,https://www.politifact.com/factchecks/2024/aug/09/byron-donalds/yes-tim-walz-signed-a-law-letting-immigrants-illeg/,2024,Immigration,social,Republican
b5f714cf,Minnesota Gov. Tim Walz signed “legislation giving free college … to illegal immigrants.”,mostly-true,Lindsey Graham,https://www.politifact.com/factchecks/2024/aug/09/lindsey-graham/gov-tim-walz-signed-law-giving-some-minnesota-stud/,2024,Education; Immigration,social,Republican
bc05b4aa,"""El crimen violento aumentó bajo Donald Trump"".",half-true,Tim Walz,https://www.politifact.com/factchecks/2024/aug/09/tim-walz/tenia-razon-tim-walz-al-decir-que-los-crimenes-vio/,2024,Crime; Elections; PolitiFact en Español,social,Democrat
cceff821,"El gobernador de Minnesota, Tim Walz, firmó una ley dando educación universitaria gratuita “a los inmigrantes ilegales”.",mostly-true,Lindsey Graham,https://www.politifact.com/factchecks/2024/aug/12/lindsey-graham/tim-walz-firmo-ley-dando-matricula-universitaria-g/,2024,Education; PolitiFact en Español,social,Republican
2586f8e9,Sen. Rick Scott does not support abortion exceptions.,false,Debbie Mucarsel-Powell,https://www.politifact.com/factchecks/2024/aug/14/debbie-mucarsel-powell/in-spanish-ad-debbie-mucarsel-powell-misleads-on-r/,2024,2024 Senate Elections; Legal Issues; Abortion,social,Democrat
db9774c3,El senador Rick Scott no apoya las excepciones al aborto.,false,Debbie Mucarsel-Powell,https://www.politifact.com/factchecks/2024/aug/16/debbie-mucarsel-powell/debbie-mucarsel-powell-engana-sobre-la-postura-de/,2024,2024 Senate Elections; PolitiFact en Español; Abortion,social,Democrat
f2e49873,Sam Brown “said abortion should be banned without any exceptions for rape or incest.”,half-true,Jacky Rosen,https://www.politifact.com/factchecks/2024/aug/19/jacky-rosen/jacky-rosen-oversimplifies-sam-browns-abortion-sta/,2024,2024 Senate Elections; Nevada; Abortion,social,Democrat
0f197baa,Former President Donald Trump “cut overtime benefits for millions of workers.”,mostly-false,Tim Walz,https://www.politifact.com/factchecks/2024/aug/20/tim-walz/fact-check-tim-walz-misleads-about-trump-and-overt/,2024,Economy; Labor; Elections; National,economic,Democrat
5533901b,Says U.S. Sen. Tammy Baldwin “has done absolutely nothing” about the fentanyl crisis.,false,Eric Hovde,https://www.politifact.com/factchecks/2024/aug/22/eric-hovde/hovde-misses-mark-on-claim-that-baldwin-has-done-a/,2024,Wisconsin; Drugs; 2024 Senate Elections,social,Republican
56a6ec81,"Says U.S. Sen. Tammy Baldwin ""believes taxpayer dollars should be used for abortion.""",half-true,Bryan Steil,https://www.politifact.com/factchecks/2024/aug/26/bryan-steil/us-rep-steils-spin-on-us-sen-baldwin-on-abortion-a/,2024,Wisconsin; Elections; 2024 Senate Elections; Abortion,social,Republican
aea7998d,Minnesota Gov. Tim Walz signed a law that would “take children away from their parents if the parents don’t want to consent to sex changes.”,false,JD Vance,https://www.politifact.com/factchecks/2024/aug/27/jd-vance/jd-vance-misrepresents-minnesota-law-on-kids-seeki/,2024,LGBTQ; National,social,Republican
abc91723,“Prices are up because these corporations are scheming to drive them up.”,mostly-false,Bob Casey,https://www.politifact.com/factchecks/2024/aug/28/bob-casey/sen-bob-casey-said-prices-are-up-because-of-schemi/,2024,Economy; 2024 Senate Elections,economic,Democrat
385e3128,Ruben Gallego wants to “cut your Social Security.”,false,Kari Lake,https://www.politifact.com/factchecks/2024/aug/29/kari-lake/arizona-senate-candidate-ruben-gallego-has-not-adv/,2024,Social Security; 2024 Senate Elections; Retirement,social,Republican
843b87ec,"“This month alone, more than 16,000 non-citizens have been removed from the voter rolls in 3 states.”",half-true,Rick Scott,https://www.politifact.com/factchecks/2024/aug/29/rick-scott/sen-rick-scott-said-3-states-removed-thousands-of/,2024,Immigration; Elections; National,social,Republican
aa3745dc,"Former President Donald Trump ""intends to enact what, in effect, is a national sales tax ... that would raise prices on middle-class families by almost $4,000 a year.""",half-true,Kamala Harris,https://www.politifact.com/factchecks/2024/aug/30/kamala-harris/would-donald-trumps-proposed-tariffs-hit-typical-f/,2024,Economy; Taxes; Trade,economic,Democrat
cf268fa8,Government shutdowns in 2013 and 2018 “cost our economy billions of dollars each.”,true,Sara Jacobs,https://www.politifact.com/factchecks/2024/dec/19/sara-jacobs/fact-check-past-government-shutdowns-cost-billions/,2024,Congress; DOGE; National; Federal Budget; Economy,economic,Democrat
edc92960,"We’ve created 732,000 jobs since I've been governor.",mostly-true,Kathy Hochul,https://www.politifact.com/factchecks/2024/dec/26/kathy-hochul/job-growth-on-hochuls-watch-helped-by-pandemic-rec/,2024,Economy; Jobs,economic,Democrat
754d8d86,“Inflation has been at the pre-pandemic level of 2% over the last half year.”,half-true,Joe Biden,https://www.politifact.com/factchecks/2024/feb/07/joe-biden/is-inflation-down-to-2-as-joe-biden-said-it-depend/,2024,Economy,economic,Democrat
f38253db,"Food “costs 40%, 50%, 60% more than it did just a few years ago.”",mostly-false,Donald Trump,https://www.politifact.com/factchecks/2024/feb/13/donald-trump/donald-trump-exaggerates-rise-in-food-prices-under/,2024,Economy; Food; Agriculture,economic,Republican
8f0a2998,Minnesota incarcerates “about a third of what Wisconsin does.”,true,Kelda Helen Roys,https://www.politifact.com/factchecks/2024/feb/14/kelda-helen-roys/yes-minnesota-incarcerates-far-less-people-than-wi/,2024,Criminal Justice; Crime; Wisconsin; States,social,Democrat
2def4f07,The Bipartisan Safer Communities Act led to “a 12% reduction in urban homicides in this country.”,half-true,Chris Murphy,https://www.politifact.com/factchecks/2024/feb/15/chris-murphy/the-us-homicide-rate-has-declined-but-democrat-sen/,2024,Crime; Guns; National,social,Democrat
1ebec03d,"“NYC will give $1,000 taxpayer-funded credit cards to migrants.”",half-true,George Borrello,https://www.politifact.com/factchecks/2024/feb/21/george-borrello/fact-checking-state-sen-george-borrello-on-new-yor/,2024,Immigration; Families,social,Republican
892520de,"“Each year, more than $1 billion is stolen from” workers in New York state through wage theft.",mostly-true,Linda Rosenthal,https://www.politifact.com/factchecks/2024/feb/21/linda-rosenthal/does-wage-theft-take-1-billion-a-year-from-workers/,2024,Criminal Justice; Workers,social,Democrat
f50d32a5,"“The biggest threat to your unions is millions of people coming across the border, because you're not gonna have your jobs anymore.”",mostly-false,Donald Trump,https://www.politifact.com/factchecks/2024/feb/23/donald-trump/do-immigrants-crossing-the-southern-border-union/,2024,Workers; Immigration; Unions,social,Republican
4f190769,"“We’ve seen an 800% increase in the Swanton sector, which is the part of the northern border that I represent, in illegal crossings.”",true,Elise Stefanik,https://www.politifact.com/factchecks/2024/feb/23/elise-stefanik/illegal-crossings-at-the-us-canada-border-increase/,2024,Immigration; Vermont; Border Security,social,Republican
e61637cd,“Big drug companies charge as little as $7 for an inhaler overseas and nearly $500 for the exact same one here in the US.”,mostly-true,Tammy Baldwin,https://www.politifact.com/factchecks/2024/feb/23/tammy-baldwin/yes-the-price-of-an-inhaler-in-the-us-is-massively/,2024,Drugs; National; Medicare; Public Health; Wisconsin; Health Care,social,Democrat
21830867,The 2022 CHIPS and Science Act “attracted $640 billion in private companies’ investments.”,mostly-false,Joe Biden,https://www.politifact.com/factchecks/2024/feb/29/joe-biden/fact-checking-joe-bidens-statement-about-semicondu/,2024,Technology; Science; National,economic,Democrat
a1d6db35,"Donald Trump “deported less, believe it or not, than Barack Obama even did.""",true,Ron DeSantis,https://www.politifact.com/factchecks/2024/jan/04/ron-desantis/ron-desantis-is-right-barack-obama-deported-more-p/,2024,Immigration; Elections; Border Security,social,Republican
592aea4c,Nikki Haley “opposed Trump’s border wall” and “Trump’s travel ban.”,false,Donald Trump,https://www.politifact.com/factchecks/2024/jan/05/donald-trump/donald-trump-ad-wrongly-describes-nikki-haleys-pos/,2024,Immigration; Elections; Border Security,social,Republican
5be2ec7e,"Nikki Haley “says the retirement age at 65 is way too low, it must be much higher.”",half-true,Donald Trump,https://www.politifact.com/factchecks/2024/jan/08/donald-trump/donald-trump-omits-context-on-nikki-haleys-comment/,2024,Social Security; Retirement; National; Medicare,social,Republican
51862d6f,"In Florida, “income growth is top of the chart.”",half-true,Ron DeSantis,https://www.politifact.com/factchecks/2024/jan/08/ron-desantis/is-income-growth-in-florida-no-1-in-the-us-as-ron/,2024,Economy,economic,Republican
4400d985,"“We’ve had 8 million” immigrants come to the U.S. illegally under Biden “and they only sent back 142,000.”",mostly-false,Nikki Haley,https://www.politifact.com/factchecks/2024/jan/11/nikki-haley/the-missing-facts-from-nikki-haleys-claim-about-bo/,2024,Immigration; Elections; Border Security,social,Republican
353ac495,U.S. tax dollars “have gone to promote transgenderism in Bangladesh.”,half-true,Ron DeSantis,https://www.politifact.com/factchecks/2024/jan/12/ron-desantis/is-the-us-promoting-transgenderism-in-bangladesh-w/,2024,Foreign Policy; LGBTQ,social,Republican
bc7bf9ad,"""After Roe was dismantled, extremists evoked a law from 1849 to stop abortion”  in Wisconsin.",false,Kamala Harris,https://www.politifact.com/factchecks/2024/jan/23/kamala-harris/kamala-harris-wrong-that-republican-lawmakers-play/,2024,Wisconsin; Supreme Court; National; Abortion,social,Democrat
1c352385,"""There are a thousand billionaires now and you know what their average tax rate is? 8%.""",false,Joe Biden,https://www.politifact.com/factchecks/2024/jan/26/joe-biden/president-joe-biden-distorts-income-tax-rates-for/,2024,Wisconsin; Taxes; Income; Wealth,economic,Democrat
e0c5645e,"“Tens of thousands of auto jobs were lost nationwide during Trump's presidency,” but during Biden’s presidency, “we've created more than 250,000 auto jobs.”",half-true,Joe Biden,https://www.politifact.com/factchecks/2024/jan/29/joe-biden/fact-checking-joe-biden-on-auto-jobs-gained-and-lo/,2024,Economy; Jobs,economic,Democrat
934ac23e,"In the past year, Michigan, Minnesota and Illinois passed ""highly popular” policies such as paid family leave, one of several issues that have been stymied in Wisconsin by Republicans.",half-true,Chris Larson,https://www.politifact.com/factchecks/2024/jan/30/chris-larson/what-happened-to-paid-family-leave-proposals-in-wi/,2024,Wisconsin; Illinois; Families,social,Democrat
48d150b9,"“Today in America, 1 in 3 women of reproductive age live in a state with an abortion ban.”",true,Kamala Harris,https://www.politifact.com/factchecks/2024/jan/30/kamala-harris/kamala-harris-is-right-1-in-3-women-of-reproductiv/,2024,National; Abortion,social,Democrat
577acc61,"“Elective abortions up to and including the moment of birth. Healthy, 9-month-year-old baby killed at the moment of birth. That’s what Jon Tester and the Democrats have voted for.”",false,Tim Sheehy,https://www.politifact.com/factchecks/2024/jul/10/tim-sheehy/gops-tim-sheehy-revives-discredited-abortion-claim/,2024,Health Check; Public Health; 2024 Senate Elections; Abortion,social,Republican
0c28a9d3,"Black women in the U.S. are “three to four times more likely to die in connection with childbirth than other women.""",true,Kamala Harris,https://www.politifact.com/factchecks/2024/jul/11/kamala-harris/kamala-harris-is-right-black-women-in-the-us-have/,2024,Women; National; Health Care,social,Democrat
ae1ebfd9,"""The Trump administration handed out taxpayer dollars to a foreign company. Hundreds of homes and farms were bulldozed, and over $500 million in taxpayer dollars were wasted preparing for Foxconn.""",half-true,Joe Biden,https://www.politifact.com/factchecks/2024/jul/13/joe-biden/biden-campaign-hits-and-misses-with-trump-and-foxc/,2024,Corporations; National; Elections; Wisconsin; Taxes; Economy,economic,Democrat
2be06026,“The idea that there’s political violence or violence in America like this is just unheard of.”,false,Joe Biden,https://www.politifact.com/factchecks/2024/jul/15/joe-biden/is-political-violence-unheard-of-the-long-history/,2024,Crime; Elections; Guns; National,social,Democrat
61b66d28,Project 2025 calls for restricting “access to IVF and contraception.”,mostly-false,Kamala Harris,https://www.politifact.com/factchecks/2024/jul/24/kamala-harris/fact-checking-kamala-harris-on-project-2025-limiti/,2024,Women; National; Health Care,social,Democrat
ee81ca91,"“Today, America has record energy production and we are energy independent.”",mostly-true,Kamala Harris,https://www.politifact.com/factchecks/2024/jul/26/kamala-harris/fact-checking-kamala-harris-on-energy-production-i/,2024,Foreign Policy; Gas Prices; Energy,economic,Democrat
23d07b62,Kamala Harris “supported abolishing ICE.”,false,Donald Trump,https://www.politifact.com/factchecks/2024/jul/29/donald-trump/fact-checking-donald-trumps-misleading-statement-t/,2024,Immigration; Elections; National,social,Republican
0d733f5f,Kamala Harris “wants to defund the police.”,mostly-false,Donald Trump,https://www.politifact.com/factchecks/2024/jul/30/donald-trump/fact-checking-trumps-false-statement-that-kamala-h/,2024,Criminal Justice; Elections; National,social,Republican
84603645,"""Donald Trump intends to cut Social Security.""",mostly-false,Kamala Harris,https://www.politifact.com/factchecks/2024/jul/31/kamala-harris/kamala-harris-repeats-dubious-claim-that-donald-tr/,2024,Social Security; Federal Budget,social,Democrat
8039ee18,"“Even before the pandemic, America went into a manufacturing recession.”",mostly-true,Pete Buttigieg,https://www.politifact.com/factchecks/2024/jul/31/pete-buttigieg/was-us-manufacturing-in-recession-before-the-pande/,2024,Economy; Jobs,economic,Democrat
15b01369,“Wage increases have exceeded” the cost of inflation.,half-true,Joe Biden,https://www.politifact.com/factchecks/2024/jun/06/joe-biden/have-wages-exceeded-inflation-under-joe-biden/,2024,Economy; Workers,economic,Democrat
37f72f13,Says Sen. Lindsey Graham said a newly elected Donald Trump “will round up and deport LEGAL immigrants.”,false,Eric Swalwell,https://www.politifact.com/factchecks/2024/jun/10/eric-swalwell/eric-swalwell-misquotes-lindsey-graham-on-donald-t/,2024,Immigration; Ask PolitiFact,social,Democrat
13863e3d,"""The last administration oversaw the largest increase in murders ever recorded.""",half-true,Joe Biden,https://www.politifact.com/factchecks/2024/jun/10/joe-biden/did-donald-trump-oversee-the-biggest-one-year-rise/,2024,Crime,social,Democrat
13eee08b,"Donald Trump “shut down” Nord Stream 2 pipeline, Joe Biden approved it, then Biden shut down U.S. liquified natural gas export capacity.",mostly-false,Doug Burgum,https://www.politifact.com/factchecks/2024/jun/17/doug-burgum/burgum-exaggerates-biden-actions-on-nord-stream-2/,2024,Energy,economic,Republican
8d8cf918,Donald Trump’s plan is “cutting Social Security for you.”,mostly-false,Joe Biden,https://www.politifact.com/factchecks/2024/jun/21/joe-biden/joe-biden-cherry-picks-donald-trump-statement-on-c/,2024,Social Security; Federal Budget,social,Democrat
77cdb405,The Olympic boxing committee “decided this year that men can box against women in the Olympics.”,mostly-false,Tommy Tuberville,https://www.politifact.com/factchecks/2024/mar/01/tommy-tuberville/tubervilles-claim-that-olympics-decided-men-can-bo/,2024,LGBTQ; Sports,social,Republican
6fa21275,“We're having the largest classes of correctional officers we've ever had before.”,true,Tony Evers,https://www.politifact.com/factchecks/2024/mar/06/tony-evers/yes-wisconsin-correctional-officer-training-classe/,2024,Criminal Justice; Wisconsin; Legal Issues,social,Democrat
2817d09d,“We cut the federal deficit by $160 billion because Medicare will no longer have to pay those exorbitant prices to Big Pharma.”,half-true,Joe Biden,https://www.politifact.com/factchecks/2024/mar/11/joe-biden/biden-said-medicare-drug-price-negotiations-cut-th/,2024,Economy; Medicare; National; Health Care,economic,Democrat
273262ce,"The stock market “hit an all-time high under President Biden and not under President Trump.""",mostly-false,Pete Buttigieg,https://www.politifact.com/factchecks/2024/mar/11/pete-buttigieg/fact-checking-pete-buttigieg-on-the-stock-markets/,2024,Economy,economic,Democrat
7a33a364,"“Since the end of the 2020 fiscal year, President Biden and Senator Baldwin have added over $7.3 trillion of debt, more than the first 228 years of our nation’s history combined.”",half-true,Eric Hovde,https://www.politifact.com/factchecks/2024/mar/14/eric-hovde/are-gop-senate-candidates-claims-about-national-de/,2024,Economy; Wisconsin; Debt; National,economic,Republican
b77c0c7f,"“On Joe Biden’s watch, Wisconsin has lost 6,000 manufacturing jobs and 455 dairy farms in the last year.”",mostly-false,Brian Schimming,https://www.politifact.com/factchecks/2024/mar/20/brian-schimming/wisconsin-gop-blast-biden-on-manufacturing-job-los/,2024,Economy; Wisconsin; Jobs; National,economic,Republican
c56302cd,"Miami’s immigration courts have the “largest backlog of any court in this country with 10% of the overall immigration cases,” and “more than 90%” of people lose their asylum claims.",half-true,Jeanette Nuñez,https://www.politifact.com/factchecks/2024/mar/21/jeanette-nunez/miami-has-the-largest-asylum-case-backlog-in-the-u/,2024,Immigration; National,social,Republican
eff897fe,"“Since 1989 and a new age of globalization began, 51 million jobs have been created in America. 49 million, 96%, have been created under Democratic presidents.”",mostly-true,Simon Rosenberg,https://www.politifact.com/factchecks/2024/mar/21/simon-rosenberg/have-96-of-jobs-created-over-35-years-emerged-unde/,2024,Economy; Jobs,economic,Democrat
0d9ee9f0,"In New York, there are no barriers to law enforcement to work with the federal government on immigration laws, and there are 100 crimes where migrants can be handed over.",mostly-false,Kathy Hochul,https://www.politifact.com/factchecks/2024/mar/29/kathy-hochul/patchwork-of-laws-and-edicts-limit-cooperation-bet/,2024,Immigration,social,Democrat
2747936d,“We just had 100% increase in layoffs.”,mostly-true,Scott Walker,https://www.politifact.com/factchecks/2024/mar/29/scott-walker/former-wisconsin-governors-statement-on-layoffs-is/,2024,Workers; Wisconsin; Jobs,economic,Republican
9eb76567,"In his Time magazine interview, Donald Trump “said states have the right to monitor pregnant women to enforce these bans, and states have the right to punish pregnant women for seeking out abortion care.”",mostly-true,Kamala Harris,https://www.politifact.com/factchecks/2024/may/02/kamala-harris/did-trump-say-states-have-the-right-to-monitor-pun/,2024,Health Care; National; Abortion,social,Democrat
6c79376c,Former President Donald Trump “has the worst record of job loss of any president.”,half-true,Nancy Pelosi,https://www.politifact.com/factchecks/2024/may/02/nancy-pelosi/nancy-pelosi-omits-pandemic-in-singling-out-job-lo/,2024,Economy; Jobs,economic,Democrat
93bcec5e,Former President Donald Trump told Time magazine that “states should monitor women’s pregnancies and prosecute those who violate abortion bans.”,mostly-false,Joe Biden,https://www.politifact.com/factchecks/2024/may/03/joe-biden/joe-bidens-misleading-version-of-what-trump-told-t/,2024,Health Care; Women; Abortion,social,Democrat
3e7ffb41,“Joe Biden flew hundreds of thousands of illegals into Florida last year.”,false,Rick Scott,https://www.politifact.com/factchecks/2024/may/09/rick-scott/biden-isnt-flying-migrants-to-florida-people-pay-f/,2024,Immigration; Corrections and Updates,social,Republican
97e8721b,"Robert F. Kennedy Jr. called voter ID “racist,” calls NRA a “terrorist organization” and supports affirmative action.",half-true,Donald Trump,https://www.politifact.com/factchecks/2024/may/14/donald-trump/fact-check-rfk-jrs-positions-on-voter-id-the-nra-a/,2024,Race and Ethnicity; National; Elections; Guns; Legal Issues,social,Republican
bb6ee718,Inflation “was 9% when I came to office.”,false,Joe Biden,https://www.politifact.com/factchecks/2024/may/15/joe-biden/joe-biden-wrong-that-he-inherited-9-inflatio/,2024,Economy,economic,Democrat
56e0eb2d,"Tariffs are a “direct, regressive tax on Americans” and President Joe Biden’s new tariffs on Chinese goods will “hit every family.”",half-true,Jared Polis,https://www.politifact.com/factchecks/2024/may/17/jared-polis/will-joe-bidens-new-china-tariffs-hit-every-family/,2024,Economy; China; Taxes; Energy,economic,Democrat
08950b85,“The millions (of immigrants) that have been paroled can simply go to their local welfare office or the DMV and register to vote.”,false,Mike Johnson,https://www.politifact.com/factchecks/2024/may/20/mike-johnson/mike-johnsons-false-claim-that-immigrants-paroled/,2024,Immigration; Elections,social,Republican
f9085463,“Violent crime is near a record 50-year low.”,true,Joe Biden,https://www.politifact.com/factchecks/2024/may/28/joe-biden/joe-biden-is-correct-that-violent-crime-is-near-a/,2024,Crime; Corrections and Updates,social,Democrat
57591212,"“As California attorney general, (Kamala Harris) redefined child sex trafficking, assault with a deadly weapon, and rape of an unconscious person as a totally nonviolent crime.”",false,Donald Trump,https://www.politifact.com/factchecks/2024/nov/01/donald-trump/trumps-false-claim-that-harris-redefined-crimes-li/,2024,Crime,social,Republican
0b6035fe,Former President Donald Trump would “force states to monitor women's pregnancies.”,false,Kamala Harris,https://www.politifact.com/factchecks/2024/nov/01/kamala-harris/kamala-harris-wrong-that-donald-trump-would-force/,2024,Health Care; Abortion,social,Democrat
9486967e,“Fewer people came in under President Biden than came under Donald Trump.”,false,Nancy Pelosi,https://www.politifact.com/factchecks/2024/nov/15/nancy-pelosi/nancy-pelosis-wrong-comparison-about-illegal-immig/,2024,Immigration; National; Border Security,social,Democrat
5709c3ea,"Says immigrants with temporary protections in Springfield, Ohio, are “illegal immigrants.”",false,JD Vance,https://www.politifact.com/factchecks/2024/oct/03/jd-vance/immigration-experts-say-jd-vance-is-wrong-haitians/,2024,Immigration; Ohio; Elections,social,Republican
4ebf3e11,"""We now have historic low unemployment in America among all groups of people.""",half-true,Kamala Harris,https://www.politifact.com/factchecks/2024/oct/08/kamala-harris/kamala-harris-on-60-minutes-said-unemployment-is-a/,2024,Economy; Workers; Jobs,economic,Democrat
480c07c9,“We have cut the flow of fentanyl by half.”,false,Kamala Harris,https://www.politifact.com/factchecks/2024/oct/11/kamala-harris/fentanyl-seizures-have-doubled-has-the-flow-of-fen/,2024,Drugs; Elections; National; Border Security,social,Democrat
981c1830,Republican state Senate candidate Ashlee Adams “campaigned for Mark Robinson and his radical agenda.”,false,Terence Everitt,https://www.politifact.com/factchecks/2024/oct/12/terence-everitt/democrats-falsely-claim-ashlee-adams-campaigned-fo/,2024,Abortion,social,Democrat
0dda03af,Kamala Harris “supports taxpayer-funded sex changes for prisoners and illegal aliens.”,mostly-true,Donald Trump,https://www.politifact.com/factchecks/2024/oct/18/donald-trump/harris-support-for-prisoner-access-to-transgender/,2024,Criminal Justice; Immigration; LGBTQ,social,Republican
3f405f26,Says opponent Eric Hovde “just proposed cutting Social Security by 28%.”,mostly-false,Tammy Baldwin,https://www.politifact.com/factchecks/2024/oct/21/tammy-baldwin/baldwin-claim-that-hovde-just-proposed-cutting-soc/,2024,Social Security; Wisconsin; 2024 Senate Elections; National,social,Democrat
516a50b2,"To pay for extending the Trump tax cuts, Dave McCormick has “made clear he’ll slash your Medicare and Social Security, and cut Medicaid for nursing home care.”",false,Bob Casey,https://www.politifact.com/factchecks/2024/oct/22/bob-casey/pennsylvania-sen-bob-casey-misleads-in-ad-claiming/,2024,Social Security; 2024 Senate Elections; Medicare,social,Democrat
e367412c,"“There was a bill to basically create a ban to make sure we never become a sanctuary state, that no locality passes those regulations, and (former Manchester Mayor Joyce Craig) opposed that bill.”",mostly-true,Kelly Ayotte,https://www.politifact.com/factchecks/2024/oct/23/kelly-ayotte/fact-checking-new-hampshires-governor-race-did-joy/,2024,Immigration,social,Republican
0a1ab3df,"""As of today, we have cut the flow of immigration by over half.""",true,Kamala Harris,https://www.politifact.com/factchecks/2024/oct/24/kamala-harris/kamala-harris-correct-that-immigration-at-the-us-s/,2024,Immigration,social,Democrat
84312a1c,"Scott Lassiter “repeatedly campaigned to promote” North Carolina's “largest-ever” school funding cut, sending public school money to “unaccountable private schools” and ending science education.",false,Lisa Grafstein,https://www.politifact.com/factchecks/2024/oct/25/lisa-grafstein/nc-democrat-falsely-claims-her-republican-opponent/,2024,Education,social,Democrat
2d3f04d8,“Milwaukee is one of the sex trafficking capitals in our country.”,mostly-true,Eric Hovde,https://www.politifact.com/factchecks/2024/oct/29/eric-hovde/hovde-called-milwaukee-a-sex-trafficking-capital-i/,2024,Criminal Justice; Wisconsin; Sexuality; Crime; Legal Issues,social,Republican
460ef3c0,Says opponent Eric Hovde “opposes efforts to negotiate with the big pharmaceutical companies to lower the price of prescription drugs.”,mostly-false,Tammy Baldwin,https://www.politifact.com/factchecks/2024/oct/31/tammy-baldwin/baldwin-falls-short-with-claim-on-hovdes-stance-on/,2024,Medicare; Elections; Wisconsin; 2024 Senate Elections; Economy,economic,Democrat
4a9323cc,"El expresidente Donald Trump “tiene la intención de promulgar lo que, en efecto, es un impuesto nacional sobre las ventas…que elevaría los precios para las familias de clase media a casi $4,000 al año”.",half-true,Kamala Harris,https://www.politifact.com/factchecks/2024/sep/05/kamala-harris/los-aranceles-propuestos-por-donald-trump-costaria/,2024,Economy; Taxes; PolitiFact en Español,economic,Democrat
a5ab9647,“Mark Robinson skips Board of Education vote on teacher bonuses to hold campaign event.”,mostly-false,Josh Stein,https://www.politifact.com/factchecks/2024/sep/06/josh-stein/checking-josh-steins-claim-about-mark-robinson-ski/,2024,Education,social,Democrat
9a6d3e4c,Project 2025 would defund K-12 schools.,half-true,Kamala Harris,https://www.politifact.com/factchecks/2024/sep/06/kamala-harris/project-2025-would-phase-out-federal-funds-for-pub/,2024,Education; Elections; Children; National,social,Democrat
1da01fa2,"Tim Sheehy “would let politicians like him ban abortion, with no exceptions for rape or to save a woman’s life, and criminalize women.”",mostly-false,Jon Tester,https://www.politifact.com/factchecks/2024/sep/12/jon-tester/in-key-montana-senate-race-jon-tester-misleads-on/,2024,2024 Senate Elections; Abortion,social,Democrat
abf698c3,Mike Rogers supported “laws that could eliminate IVF and birth control.”,half-true,Elissa Slotkin,https://www.politifact.com/factchecks/2024/sep/13/elissa-slotkin/claim-that-ivf-and-birth-control-could-go-away-und/,2024,2024 Senate Elections; Abortion,social,Democrat
6feb737b,"“In Project 2025, you’re going to have to register with a new federal agency when you get pregnant.”",false,Tim Walz,https://www.politifact.com/factchecks/2024/sep/17/tim-walz/tim-walz-is-wrong-project-2025-doesnt-call-for-pre/,2024,Women; National; Wisconsin; Elections; Abortion,social,Democrat
7ef62aaa,"Of Bernie Moreno, “Now, he’s arguing for a national abortion ban, no exceptions.”",half-true,Sherrod Brown,https://www.politifact.com/factchecks/2024/sep/19/sherrod-brown/sherrod-brown-claim-about-bernie-moreno-and-aborti/,2024,Ohio; Corrections and Updates; 2024 Senate Elections; Abortion,social,Democrat
a6633eb8,"In Springfield, Ohio, “murders are up by 81%.”",mostly-false,JD Vance,https://www.politifact.com/factchecks/2024/sep/23/jd-vance/vance-cherry-picks-data-to-claim-81-murder-spike-a/,2024,Immigration; Elections; Crime,social,Republican
900776de,"“400,000 workers are now in a union that were not in a union when (Biden) became president.”",mostly-true,Julie Su,https://www.politifact.com/factchecks/2024/sep/23/julie-su/yes-union-membership-has-increased-under-biden-but/,2024,Unions; Wisconsin; Jobs; National,economic,Democrat
723cbacd,“Sam Brown publicly supported forcing massive cuts to Social Security and Medicare and was caught on tape saying he admires the plan to phase out Social Security and Medicare in five years.”,mostly-false,Jacky Rosen,https://www.politifact.com/factchecks/2024/sep/24/jacky-rosen/jacky-rosen-exaggerates-sam-browns-support-for-cut/,2024,Social Security; 2024 Senate Elections; Nevada; Medicare,social,Democrat
98050990,"“Donald Trump added more to the national debt than any other president, ever.”",half-true,Tim Walz,https://www.politifact.com/factchecks/2024/sep/25/tim-walz/fact-checking-tim-walz-on-which-president-added-th/,2024,Economy; Elections; Debt,economic,Democrat
fac4595b,"“Communicable diseases like HIV and TB (tuberculosis) have skyrocketed” after Haitian migrants came to Springfield, Ohio.",mostly-false,JD Vance,https://www.politifact.com/factchecks/2024/sep/26/jd-vance/communicable-disease-rates-in-springfield-ohio-hav/,2024,Immigration; Public Health; Health Care,social,Republican
c9965c6a,"“Even before the pandemic, (Donald Trump) lost manufacturing jobs, by most people’s estimates at least 200,000.”",mostly-false,Kamala Harris,https://www.politifact.com/factchecks/2024/sep/26/kamala-harris/kamala-harris-exaggerates-scale-of-prepandemic-man/,2024,Economy; Jobs,economic,Democrat
d6906b29,"“MAGA Republicans like Kari Lake support Project 2025, which would raise the retirement age for 73% of Arizonans.”",mostly-false,Ruben Gallego,https://www.politifact.com/factchecks/2024/sep/26/ruben-gallego/has-kari-lake-supported-project-2025-on-social-sec/,2024,Social Security; Arizona; 2024 Senate Elections,social,Democrat
70746c9b,U.S. Senate candidate Mike Rogers “believes he should make that decision” about whether to end pregnancies.,mostly-false,Elissa Slotkin,https://www.politifact.com/factchecks/2024/sep/30/elissa-slotkin/us-rep-elissa-slotkin-ad-skews-opponent-mike-roger/,2024,Corrections and Updates; 2024 Senate Elections; Abortion,social,Democrat
e63aad0a,“Egg prices came down 50%”,half-true,Donald Trump,https://www.politifact.com/factchecks/2025/apr/04/donald-trump/fact-checking-trumps-statement-about-declining-egg/,2025,Economy; Food; National,economic,Republican
0c2726bf,“We had an agriculture export deficit that increased from zero when President Trump left to $49 billion” under former President Joe Biden.,mostly-false,Brooke Rollins,https://www.politifact.com/factchecks/2025/apr/09/brooke-rollins/ag-secretary-brooke-rollins-misleads-on-trade-defi/,2025,Economy; Agriculture; National; Trade,economic,Republican
c81ba68a,"“Less than half of Americans have $1,000 in savings.”",mostly-false,Tim Walz,https://www.politifact.com/factchecks/2025/apr/16/tim-walz/is-tim-walz-right-americans-have-1000-in-savings/,2025,Economy; Corrections and Updates,economic,Democrat
bab71503,"Under the SAVE Act, “as long as you have a Real ID … it should be easy for you to register to vote.”",mostly-false,Byron Donalds,https://www.politifact.com/factchecks/2025/apr/18/byron-donalds/can-voters-use-real-id-to-vote-under-save-act/,2025,Immigration; Elections,social,Republican
ee99a3d1,“Guns are the leading cause of death for children in North Carolina.”,mostly-true,Josh Stein,https://www.politifact.com/factchecks/2025/aug/05/josh-stein/is-north-carolina-gov-josh-stein-right-about-gun-r/,2025,Guns,social,Democrat
732d7b33,"Following the passage of a 2022 gun safety law, mass shootings “began to drop.”",half-true,Chris Murphy,https://www.politifact.com/factchecks/2025/aug/28/chris-murphy/Minneapolis-mass-shooting-school-2022-law/,2025,Congress; Guns; National,social,Democrat
c855429a,"The National Human Trafficking Hotline “in the last four years decided that they would no longer report tips to law enforcement, that they would take a more victim-centered approach.”",false,Ashley Moody,https://www.politifact.com/factchecks/2025/feb/04/ashley-moody/fact-check-florida-sen-ashley-moody-claims-traffic/,2025,Public Safety; National,social,Republican
6c5f342e,Florida’s in-state college tuition waiver for immigrants in the country illegally costs the state $41 million.,mostly-false,Randy Fine,https://www.politifact.com/factchecks/2025/feb/06/randy-fine/florida-sen-randy-fines-shaky-claim-that-immigrant/,2025,Education; Immigration,social,Republican
d7288b81,"At Guantánamo Bay, “we'll have the capacity to continue to do there what we've always done. We've always had a presence of illegal immigrants there that have been detained.”",half-true,Kristi Noem,https://www.politifact.com/factchecks/2025/feb/09/kristi-noem/us-has-detained-migrants-at-guantanamo-bay-before/,2025,Military; Immigration; National,social,Republican
6dda3baa,“90% of the (school) districts in Wisconsin already have a policy” banning cellphones during class time.,true,Joel Kitchens,https://www.politifact.com/factchecks/2025/feb/28/joel-kitchens/do-90-of-wisconsin-school-districts-ban-cellphones/,2025,Education; Wisconsin; Children,social,Republican
27e3a300,"“After 30 years of Wisconsin’s checking account running a deficit, we've ended every fiscal year I've been governor with a positive balance. Today, we have a $4.5 billion positive balance, and a record-high balance in our state savings account.""",mostly-true,Tony Evers,https://www.politifact.com/factchecks/2025/jan/15/tony-evers/does-wisconsin-have-record-high-budget-balances-un/,2025,Economy; States; State Budget,economic,Democrat
826ed04f,“The Equal Rights Amendment has become part of our Constitution.”,false,Joe Biden,https://www.politifact.com/factchecks/2025/jan/22/joe-biden/bidens-false-claim-that-the-equal-rights-amendment/,2025,Constitutional Amendments; Civil Rights,social,Democrat
aa2a28f0,The U.S. has an egg shortage because the “Biden administration and the Department of Agriculture directed the mass killing of more than 100 million chickens.”,half-true,Karoline Leavitt,https://www.politifact.com/factchecks/2025/jan/30/karoline-leavitt/karoline-leavitt-blames-biden-for-egg-shortage-but/,2025,Public Health; Agriculture; National; Food Safety,economic,Republican
d2d5e577,"A Congressional Budget Office estimate of people who stand to lose insurance from President Donald Trump’s tax and spending law said “about 5 million … have other insurance,” so “if they lose one (type of coverage), they're still insured.”",mostly-false,Kevin Hassett,https://www.politifact.com/factchecks/2025/jul/11/kevin-hassett/medicaid-cuts-five-million-double-coverage/,2025,Economy; Medicaid; Health Care,economic,Republican
8f93a064,“California provides $83.1 billion more than we receive from the federal government. Texas? Receives $71.1 billion more than they provide to the federal government. 71% of the U.S. GDP comes from blue counties.”,mostly-true,Gavin Newsom,https://www.politifact.com/factchecks/2025/jul/18/gavin-newsom/california-texas-federal-balance-payments-gdp/,2025,Economy; Federal Budget; Taxes; States,economic,Democrat
9c186bf3,"“Since Donald Trump's inauguration, we have seen an 11% decline in the value of the dollar, the steepest decline in more than a half a century.”",mostly-true,Ritchie Torres,https://www.politifact.com/factchecks/2025/jul/25/ritchie-torres/dollar-decline-currency-foreign-exchange/,2025,Economy; Foreign Policy; Trade,economic,Democrat
8805250d,“Nearly 25 cents of every $1 spent via SNAP goes to farmers and ranchers.”,true,Francesca Hong,https://www.politifact.com/factchecks/2025/jul/30/francesca-hong/es-about-a-quarter-of-every-dollar-spent-via-snap/,2025,Welfare; Food; Agriculture; National; Wisconsin,economic,Democrat
54fadf18,"Four million more people live in Florida, but New York gets $20 billion more for Medicaid, because it covers illegal immigrants and adults without chronic illness.",mostly-false,Rick Scott,https://www.politifact.com/factchecks/2025/jun/22/rick-scott/federal-funds-are-not-used-to-enroll-undocumented/,2025,Medicaid; Immigration; State Budget; Health Care,social,Republican
39b5c1c7,The One Big Beautiful Bill will deliver the promise of “no tax on Social Security.”,mostly-false,Donald Trump,https://www.politifact.com/factchecks/2025/jun/30/donald-trump/trump-tax-social-security-reconciliation-bill/,2025,Social Security; Congress; Taxes,social,Republican
83a72772,The Trump administration identified $1.9 billion in federal dollars going to a “decarbonization of homes” group Stacey Abrams “headed up.”,false,Donald Trump,https://www.politifact.com/factchecks/2025/mar/05/donald-trump/fact-checking-trumps-claim-that-a-group-headed-up/,2025,Georgia; Corrections and Updates; Federal Budget; Climate Change; Energy,economic,Republican
b77ecb22,"“Under the previous administration … the cost of a median-price home in America more than doubled, and that was just in four years.”",mostly-true,JD Vance,https://www.politifact.com/factchecks/2025/mar/12/jd-vance/did-the-cost-of-buying-a-home-double-under-joe-bid/,2025,Economy; Housing,economic,Republican
1c963833,“Tariffs are a tax cut for the American people.”,false,Karoline Leavitt,https://www.politifact.com/factchecks/2025/mar/13/karoline-leavitt/karoline-leavitt-says-tariffs-are-a-tax-cut-econom/,2025,Economy; Taxes; Trade,economic,Republican
e83341fd,“We have automobile plants being built at levels we've never seen … and they're going up fast.”,mostly-false,Donald Trump,https://www.politifact.com/factchecks/2025/mar/28/donald-trump/fact-checking-donald-trump-on-whether-automobile-p/,2025,Economy; Trade,economic,Republican
7ad44e8f,"“It's estimated” that President Donald Trump’s tariffs will mean “American families would have to pay about $4,000 more a year.”",mostly-true,Charles Schumer,https://www.politifact.com/factchecks/2025/may/05/charles-schumer/trump-tariffs-cost-average-family-schumer/,2025,Taxes; Trade,economic,Democrat
2230268b,"""Republicans just voted in the House Judiciary Committee to allow Trump to DEPORT U.S. citizens to a foreign country.""",mostly-false,Eric Swalwell,https://www.politifact.com/factchecks/2025/may/06/eric-swalwell/democrats-mislead-judiciary-vote-deport-citizens/,2025,Immigration; Legal Issues,social,Democrat
58ef190c,“About 20% of households with veterans rely upon” the Supplemental Nutrition Assistance Program.,mostly-false,Hakeem Jeffries,https://www.politifact.com/factchecks/2025/may/12/hakeem-jeffries/veteran-households-food-stamps-snap/,2025,Food; Poverty; Families; Veterans,social,Democrat
bd1f2512,"“Gasoline prices have collapsed under President Trump.""",mostly-false,Scott Bessent,https://www.politifact.com/factchecks/2025/may/20/scott-bessent/gasoline-prices-fallen-trump-crude-oil/,2025,Economy; Gas Prices; Trade,economic,Republican
38fdd2c7,"U.S. Bureau of Labor Statistics statistics show, “We have 1.6 million illegal aliens that have gone home voluntarily.”",half-true,Kristi Noem,https://www.politifact.com/factchecks/2025/sep/02/kristi-noem/immigrant-population-drop-1-6-million/,2025,Immigration; Census; Border Security,social,Republican
e219f1b5,“The average American worker has already seen a $500 wage increase this year.”,half-true,Donald Trump,https://www.politifact.com/factchecks/2025/sep/05/donald-trump/wage-increase-500-dollars-2025-workers/,2025,Economy; Workers; Jobs,economic,Republican
ab7a792d,Las cifras de la Oficina de Estadísticas Laborales de EE.UU. muestran que “tenemos 1.6 millones de inmigrantes ilegales que han regresado a su país de origen voluntariamente”.,half-true,Kristi Noem,https://www.politifact.com/factchecks/2025/sep/05/kristi-noem/poblacion-inmigrantes-baja-1-6-millones/,2025,Immigration; PolitiFact en Español; Census; Border Security,social,Republican
